Feature,SHAP_Importance
aluminium,2.0673714
cadmium,1.4069141
silver,0.93499094
uranium,0.74657017
perchlorate,0.68809927
nitrates,0.6165489
chloramine,0.59029603
viruses,0.56192195
bacteria,0.5183649
arsenic,0.5052129
radium,0.48115075
nitrites,0.47065964
ammonia,0.3743933
copper,0.27114633
chromium,0.2103266
lead,0.20941775
barium,0.18014514
selenium,0.15471067
mercury,0.14036486
flouride,0.12247041
